0,2.exe,05/07/19,1994752 (1.9MB),3e26d2428d90c95531b3f2e700bf0e4c,6173d8784e613818008773b8bcf7b0a571d588a0,f86a3b5d0c2ca8468532c7abd278a534c0ce795866ed3eeccfb4191eacf004dc,,,,,,virus_sign
1,a.exe,05/07/19,577536 (564KB),3d29b83e6eda6c0d2582054a45684dd6,6b312fe166cbdbfb4b0713c2f37949117815868b,7dbcf629e2e67b432967882388bb314f13a572f200727c83c5db023ec3051dcf,,,,,,virus_sign
2,arm,05/07/19,27892 (27.24KB),a254ff62d2ddea322fdf5772525a2060,85161a64648d6c3c069cd1ac3f256f72f30aae8c,4717ab8136cdbe985b5bd2abbfc157d6fa45beadcea7cb2fea09616bfe72a04a,,,,,,virus_sign
3,arm5,05/07/19,26124 (25.51KB),8f0f6ce23a436391380404be1bd07d91,1535b409eb3ceba0c67381f053f7053367936a48,50c6a76bd630dd6194f768d42408c60bafa5e7918e899c688bb257eaed12f9f7,,,,,,virus_sign
4,arm.1,05/07/19,37228 (36.36KB),e32d2da5255aef022b184fc8cf002e35,3f18a90092e959617eedb50f2d58ea059b401e7c,65d64dc5967538fef835947bb2a05f81ae5ee5e79aaa9e4db051e4be90585041,,,,,,virus_sign
5,arm7,05/07/19,51052 (49.86KB),06244146bf7d8c0199e509c9536b7193,fef1ca32b5841621b54ef35ef9b1f22077d1b18f,9eec33e3d75f24bab36b0a5efce9e86aa171c8ab561f471d908b7569c1c58c0d,,,,,,virus_sign
6,CLVIEW.exe,05/07/19,758784 (741KB),fab44682d5451fc0a2e190f9f64c4524,4dacc79f22819d0a6ce5ea1225fcb38eff8b56bf,2a0e29a0cc7bbdcd56b01af5c681f7a28e8947c4c4a6c7fcef76a03d1ffff8c2,,,,,,virus_sign
7,confirm_identity.php,05/07/19,19569 (19.11KB),3d86200dbbb98a0ec956a80804809bed,c57d2020054d0aceb7ff5bdd61913bfb679aec57,61544e84c88332bc4af2c4b8924e1c14ad0c502e9c6b73e32eca373f388714da,,,,,,virus_sign
8,docs.exe,05/07/19,651264 (636KB),e4f184f8087fa5f1bfbf165542a4bce6,023ba9b9e4f9a36e9e3232d3da8c6c15aacdf07e,6fac18a13890a049779550a45dff290d541c87f3acae4ba8f8ff4e5203c9ab23,,,,,,virus_sign
9,kmk1sn3,05/07/19,16029 (15.65KB),89e18ecd834ed44f060edb4c0e571557,45af44f98e21f1a6581d9fe9d05e2b004954ac78,2ef95552a5edfa18691ca93c16c2e3e6c17916b0a5a4a0e77a2e636855e16cc5,,,,,,virus_sign
10,miori.arm7,05/07/19,19971 (19.5KB),4b43161c04065d6f53a22efc652b7120,28919b70b7a3d81bbdb07b484cacfb5b828ce59e,9c01f4576081d884b1770093c2c61a3bba4d451460083fb479225162e35dde4b,,,,,,virus_sign
11,mips,05/07/19,34816 (34KB),643a7d2373586a7fa11d1db4b6b11d74,502d3d463ea25c8d3d75574ad7702fb844834187,506fb879072bd01bfac549c94667f41666916e9eb60e6ee530309bd857320689,,,,,,virus_sign
12,miori.x86,05/07/19,55120 (53.83KB),1e7af4b9b271b44e1cb0db0acc180a63,30d7aab44b2014913617bbef501b30cf5bc7674e,faa54968e2173a960d23a83019c17ce26e4b5d46c1859102e7fec7faf78f7291,,,,,,virus_sign
13,mpsl,05/07/19,35312 (34.48KB),25a55d82fc450f6d47ece7cd183766b8,31148c880d407566ccef3e49b17f67005d5fcc56,32f2f189170e62d6a7722fa208bf0eabbed2c70c25f9aa71163176fa8f02f6c0,,,,,,virus_sign
14,nvrtc-builtins64_91.dll,05/07/19,92160 (90KB),d6f6dde6d673f39650a158e05596b7a9,341e1edf77f4abadb7213c501e69aa07deb27f54,0ffc52455fb12dc05007fc6fd07b2e87089737cc103b5c5ec6c247b51f3a69bf,,,,,,virus_sign
15,PO8E4CDF.exe,05/07/19,647168 (632KB),b822075c5ba6d02012c1943bc598792c,76ed3a86ed041848ea40c55f0ec0e6cc95d788e3,26f2a843d59d23bb818d35902dfff753330bea25879608015e1f518ca50fdb56,,,,,,virus_sign
16,POs35.36.37.exe,05/07/19,643072 (628KB),19c3ae36711e8b973c8057fc36413d5c,0725aee5bc896d04f6ad1d69a49d1e18d8da4713,c16432107bed9ca649c1461ffc8238e46fec17975a01c654172d6525899115c9,,,,,,virus_sign
17,nvrtc64_91.dll,05/07/19,5869056 (5.6MB),45c37b386d3a38543daa3c3589d7b346,df2b32738183b0fea6a06b65c0458bd27c90fc20,cf8328bd2f8127775ba7e3850a1ee3e80b6adf03d53bab4ac2f1a667f9689c52,,,,,,virus_sign
18,sh4.1,05/07/19,24672 (24.09KB),4552d2fd1ea8e87f896352aac6555783,036d907af3dd99675541c61af99cbbff7e914275,95043ebb8daff6e552bc22f0d807442aa62e5c6f7a8be20177dcd1e4e8fadad4,,,,,,virus_sign
19,x86.1,05/07/19,23144 (22.6KB),3534fb6924ed82e9f2c4717770a3159e,1ab10367f7709a0caeee936acec3ee72096a340d,f845c78dc5ee95e3dd850d7ecec0d1f1245411dde2b16b44bcca17ab0fd82653,,,,,,virus_sign
20,qwq5201.sh,05/07/19,2369 (2.31KB),969f082f151ea10df703926d6d1f1b01,06d27d6feffb3ae1f6050fd6da9b6660ab3f298c,f533b1b73524e99a33ea98af00561eb00be66ef756005710649384d4e2dc3868,,,,,,virus_sign
21,93.full.pdf,05/07/19,4220097 (4.02MB),d30e78fd2abf526691ae7043e5ea3aed,126b79c5214d25bd5bd9f9521623973ac9ba80c2,cfc4854aedee9c2887ecba6eec7d9da1346cc6e9aa888b093d17d8d208e0a77a,,,,,,virus_sign
22,fuyqvb,05/07/19,13848 (13.52KB),c10c05d9f9fa2efe1f285ac02d762aea,8da7151e75fd6a23ca90765b0c821f7c4ae605e6,d414aa44aa4a2066b42179ad1d21e9d61857882fde46b3f098e9a7288fb13cf4,,,,,,virus_sign
23,index.3.html,05/07/19,1429008 (1.36MB),6df1d1bb2b705f5c2c03f6e3e162e72b,4eec649c499e8c63b1ca8846995ca18855db41fc,8d01103362bedddd3224a7f25289de2dfe18a6fcb0a6203592b1f5f9ea597ffd,,,,,,virus_sign
24,1,04/07/19,46343 (45.26KB),c463d590c999b50a238ae7bf48d40c90,208d0af3209b316a4cf70779d06220c00f093bc2,33ee9b278ab61cab41e144cd0622eb4e76a6dca9e6e3c01d103c9af5339ece02,,,,,,virus_sign
25,3,04/07/19,166194 (162.3KB),18a74dc66114a0160b06e81821057a67,0a555b16ccb9e1521c37dd20a86ccb93c60c5094,2247ea63aff91132be607ae7860f6219f1ee92e8e0bb4f9656db0fa7da2f791d,,,,,,virus_sign
26,87410323,04/07/19,1713664 (1.63MB),e8794659afb0baea63eb47ad61d556c0,c2ef0d7e43dfc0be50926347ed4d47cc3d0ea75e,22b23af0f9cb145104afe8f4f120ca1145e6fff040143656c2e8fff2b2d8b41f,,,,,,virus_sign
27,a.exe,04/07/19,573440 (560KB),1f52bb2d9bd83cd559cc92249c498555,b637b8aaccfdb1e985a75ddea1b75cd62b04a5e5,c60fa259a36da19910311435cf4f452b8f1043b8f751a137659d4e1a2a04d63e,,,,,,virus_sign
28,arm,04/07/19,38560 (37.66KB),57ff8008d2b38711a07b1dc942247e56,7e4c7dcd6b87d76809b2f2a7dcc022758e713e69,4bd838c3a2999718b6487d4a5f808dba3cffa1532ac2a193e7730b8e7e1f9283,,,,,,virus_sign
29,confirm_identity.php,04/07/19,19569 (19.11KB),b903cbae0fc3fb282143c78c2fbbf0d1,b0adae6dca1e33aa0eb79d7401790a9f51f760bd,80b8eb4d948248cb6ae48b471177082842f7af8f24f02fe765117bccac8dad7d,,,,,,virus_sign
30,comnets.exe,04/07/19,2437120 (2.32MB),fbada650b7bdbcf0a338d722deb0734f,dd86bb640d70e4405c2fc4d42e287219ca2c3ea6,fb5307874c56bf4461100cb5b7856c1441f8c7d63c152f2763ea875c41e67427,,,,,,virus_sign
31,Doc1.1.doc,04/07/19,439469 (429.17KB),f2436fa1489204662f3ecf91cda05af5,55e053d1060b6a7e7131055a8a166485c01a7ab7,133a113a688555c63d34c56ecbe81d9d83a37d89c214968d0f553fb17e4a09cd,,,,,,virus_sign
32,Doc1.doc,04/07/19,439471 (429.17KB),3d5baa8163dae270032503f35affb39d,5f5ff3f23a800b4eec349f94346c0fc6f04476a6,2a02a0bd4357254450614961d1f2306de7523dd31707483bb10d21427d7ae83a,,,,,,virus_sign
33,frb.exe,04/07/19,367104 (358.5KB),c70abdcda1b3aa04ba4019eb681249e0,66cf00f26c7e9ba32acb5d124dcb19e0aabbc53b,b0f2c64afa776057f11d2062d7c4e9e168ea45d9ba41b9f1f0747c8a40db3311,,,,,,virus_sign
34,igor.mp3,04/07/19,205800 (200.98KB),a039f2b2f1f87b5c4a80b99560195501,cc38b20832ca770e906ad65739fcaa315955a8d4,1ba3b64902af5ea2cda56978b79032fbfb05a6d1899cee89fa04b7f5171e1441,,,,,,virus_sign
35,igb.2.exe,04/07/19,374272 (365.5KB),5e0e4ba88fb85490433ae47d67900aa6,d3ea511cd1b5a85cd7bf1de37b24adddaf89bca7,38f8429c8fec9c9ef8e18b8ab9bc123553b6dc3b6057cd7fff484f385156d869,,,,,,virus_sign
36,kmk1sn3,04/07/19,6779 (6.62KB),d55987f2e67d0f3782c1fa8896650f29,1131afbd735d8a6030d48f9d9cce0efdb38ddb4a,e7219a7cd24982cbbacd91b25d3d420cfb92be14bac4a1ff8d76adff762dbb48,,,,,,virus_sign
37,nib.exe,04/07/19,375808 (367KB),0a62bc58452e4f0fe8fb60a58f71d2f8,c15d481fdcee50fbb97adcd7e6085f704bf79f86,ab6bb3a6d409967d3c22fce508a7c66e746a688649f937b9376349c7824ee282,,,,,,virus_sign
38,nvrtc-builtins64_91.dll,04/07/19,92160 (90KB),e43bfce3368d403224ed11c68af99f4f,3e8fc1577e42637659f2769ba4ecb21e99421fa5,e46085cfa9e614a0a5acbef16b24a73a4bce8a492e307c96b3e634bc3902ed0c,,,,,,virus_sign
39,oli.exe,04/07/19,376320 (367.5KB),56403b101f4527b06a80c296955cc46b,ebefa34fd76d5484e4736857494fd6cb46fd4151,c76759c08622201d80c424090163d9bd1a9cbe907ff04da769ee2ce9da5cd226,,,,,,virus_sign
40,nvrtc64_91.dll,04/07/19,5869056 (5.6MB),2721f8685f82d74b66fbde2b4dc4c593,440699430717f96d91a631d1c601ada305136395,27702a5de1b53e66e7435210d5e46ea0b1d7c4d315831c71fdd343843ddcd8a2,,,,,,virus_sign
41,uk.msi,04/07/19,487424 (476KB),5237c998e3faaef21dbe3ffd97281ecb,0baa43ad47f5c52e6179fb8dd6c98c8ebd0afaa8,40af827d44b159ecf58b6d512a243f5e1670d90fe1a42e2c3b9f6dcc2c1d38f5,,,,,,virus_sign
42,vbc.exe,04/07/19,322048 (314.5KB),874a6c7ae773e4fa1b7a9ef04041a912,fc65c661f07eaad9e62a4898a28178ebedb350e9,448ebba9ca3f7d1d7433ef691d64eab34160761d0679563b87ac4d6b4943be69,,,,,,virus_sign
43,Linux2.6,04/07/19,48180 (47.05KB),cac0ba23ed92ab925b092ca0ba687c4d,01e070976a23f850dd9a363b7d2ad6a72bb8a0a2,98a385f991c7757431140d928aa55dc748f4b19c9fc802b807786be0c2873d79,,,,,,virus_sign
44,logo14.png,04/07/19,579488 (565.91KB),affd7e05175df416f91ae2b995c48da0,6f23558024df5008b0349990270024bae4f9c7dd,9c2b77f6e5e9a4a9b9fe5e3177f9e6836cccc31df67a5c3f0aeb37ae25f850bf,,,,,,virus_sign
45,ovx.x86,04/07/19,23052 (22.51KB),9d5c9091b5b9fe0465e8d50c1f0b2798,739729d6ec2dced8e518a3438bb10c298dbfa25f,b82e5b542dbc1e3c2e4cc6be50fa4957c0a870c0bdfbae2a42549e8b71481d8f,,,,,,virus_sign
46,93.full.pdf,04/07/19,4220097 (4.02MB),623bc64a81ae543c79daacce3acfe1c2,1c3fb5f961ee28f56780e2c6988601a67b7a50aa,9a3c0fa662bc3d6b9a65204c7ff1bcc93bf44f393aa080ea261a43b00b5215c4,,,,,,virus_sign
47,fuyqvb,04/07/19,13789 (13.47KB),0ef2459ba98b62da8b6e99331cf0c6a1,f3d715891b011c0dacd59fe1b928e35bcb4714ca,f7ffda9177a3e8da4f3eff2aeeae685d6029e92c2db8b191c95b13b78f946d89,,,,,,virus_sign
48,index.68.html,04/07/19,12678 (12.38KB),bfdd7f8bd947e83be29ccf53ff9a2f4e,348921643c2dcfc3281b362dec504e7e6e20381f,41a40cb4ac2ed651cc9e6cdad3e3679ccb3445f3be52b9122099f4d16d3de06d,,,,,,virus_sign
49,index.36.html,04/07/19,1041291 (1016.89KB),002c7f919ea6de27b596d43db07ef05b,7527fe631b7697eb43af6e546c8187b3ac77b450,61cc42ec2d8d8d04d8d1a6de4b2be223dda30bbf84bd7fe9e898d09172a69999,,,,,,virus_sign
50,1,03/07/19,46343 (45.26KB),76d57ba48c934ca0d2e0ca50ecae1165,3a710103236c0a4dd2a841ef8c98dbb77323bc5c,52f6fbde522b6bf2cfaaf2333298ff3fe1cdb0e9a8884427bd5a98027b559b7d,,,,,,virus_sign
51,3,03/07/19,246106 (240.34KB),f31143daecd5fd6265458f705c649e55,e4bd5537203a044a0709d970867ad4ae8d1ee274,dadeb5958716cbe435045b9f58045cc8eacd57bbcd1eee7299d2fb648831e404,,,,,,virus_sign
52,bt.exe,03/07/19,261120 (255KB),7e310d97de179127d8ba2453316e0c5c,bbf11d5c3bc3fba023fdca6666472a6ecebfd64c,03c6181658780c087c04977b2af2e56e348b28bdd7b8e824db104e539937851a,,,,,,virus_sign
53,ceo.exe,03/07/19,402944 (393.5KB),9c763bfb86fedf004c5a546fbd1701fd,e862fd32b83275f2f88145b7826f4b170265fd7e,6566aa30c7adbcafc3ceda41d8123f9673d160a5d86a2244d8a5a15259b034d1,,,,,,virus_sign
54,e8u6tj2e.exe,03/07/19,335451 (327.59KB),dcc9b4193eec3723e8d063fc265884f8,cce8b6bfca66c2ceb7349207526c9e14e26a68dd,24294fdd97c1b644652df437acb8c2dc3a5a63c88cb13cb845725549ba2b55f9,,,,,,virus_sign
55,fomlaqkf.exe,03/07/19,239104 (233.5KB),5f0807c7cfcb5cefcbe0bb6fb61210dc,48d9e211ec3a8ae9e0152e7f9e3691650eba9c85,c9d456f99a6e794a2d3f63480ef7e686a663933509e5b1fcd31c78feb3ef20f3,,,,,,virus_sign
56,frb.exe,03/07/19,367104 (358.5KB),14f89db377cef97a8fa1f892a7e3e625,b39beb06b083130c8eb20ce18d84c4e534a5f6fa,f60d9ae71db117eaa7914b8328ec8398fa447575303edf26e8e19761bcf5d361,,,,,,virus_sign
57,nvrtc-builtins64_91.dll,03/07/19,92160 (90KB),57c2833e46971e3aefc1e919a1258a77,120e1ceef9a75e205c11e9377bef2f738642fa28,7ae23e214279b810dfd6a55b2ea0ea2d45f0ea6442ccbf4e4504c9cd7351a0ca,,,,,,virus_sign
58,nib.exe,03/07/19,373760 (365KB),326695437d47eba1eb22b7148cc00b9a,8a407eed767146a615afd1b7b63c89ae7041b311,75a0d6b718c521ff7b66cfd9a7469c75c5c5a64e35286e6516c45ddde807e8f7,,,,,,virus_sign
59,sand.exe,03/07/19,1200128 (1.14MB),668079406449453fc31411eda9cc0ee7,d93a2d0c671c784079166c7d820e575a43449107,085584e50808237bd87739a3604a2ff79f4a948b3a534c0b94fb8b7c685a10b9,,,,,,virus_sign
60,nvrtc64_91.dll,03/07/19,5869056 (5.6MB),5f207065819717114c201cda048ec931,e8da48aadda17b38aee709d7cd3a71c25513a7db,e9d357fc74b770000c106af9e5802db5a68583a3c032cf85a434d0a798a1828f,,,,,,virus_sign
61,startae.bat,03/07/19,6645 (6.49KB),577ce292c5a4eb37465e9c2dacb90247,a47863f36d893764b35629d43f3ba0342d9e0d18,21b3968f0da1fee7ce4186e8d2622e58ee79f051cc6eda52fa8989ecbc5595b6,,,,,,virus_sign
62,startas.bat,03/07/19,1897 (1.85KB),272f4cbb3a915fec963fb5a7de8745b5,93dbb6b60b90471a1e71ab14fadf22abab2fe351,6cf17d7cd986e217eaf2db4e385bd4c88cd0cedd827acc4efbf110cbd5624144,,,,,,virus_sign
63,win32.exe,03/07/19,253440 (247.5KB),c7db2f2dc554de12f13d17e18475c84d,a361998306839cd8eac711734232c049c4471e81,55e4fe94a51a73a2201d449c54315c5428a4a7a2e778cf33ba387bd0b158e6df,,,,,,virus_sign
64,yjkd.exe,03/07/19,349039 (340.86KB),97b1dcb2e14df1ec4e89d6b0511fa7b7,2d8a63d14e42873807d4c8539249cec5e4f7281a,53273857357a67149c90ef68e56df4a95fc2a782086653e475df2f42f6832c97,,,,,,virus_sign
65,lol.sh,03/07/19,1184 (1.16KB),b3c3be5da72a07888b7f704d88fce9e6,8be00eabb7d7c55fb9343fb1c8b691d2fe23001d,fe6a9b42846930105e0e0125e1f1518bc3d5b287a2a39b537f43179a20d98efe,,,,,,virus_sign
66,93.full.pdf,03/07/19,4220097 (4.02MB),f883b28b57d7549bbaacd9ab9914b776,ccf567af7269f7374afde419fbcc5762d62aae5b,639054100d121b81078809a8c469e98a5a6fb8c38c9c6dd9b78bc770f4344635,,,,,,virus_sign
67,15,03/07/19,184424 (180.1KB),7efb799009457b1705d3eda107b80bfe,44a0c615fa6f3b6320074e45493ae36686f68353,346abc9a86f486cdf8fb152eb4609abd3464181911ec41daf65987b1feeef09b,,,,,,virus_sign
68,20190702124718_9d05a56d0226_0_http___156_236_71_204_8088_Linux2_6,03/07/19,74499 (72.75KB),df53165f22553f0467fdad239230e146,183be06e505129d68f84b09633226401d6953490,57c2fa83f2737ca7fe0e03b16eec4d2d7e269374cd556fc3af1745486c9eea93,,,,,,virus_sign
69,20190703005923_ac5ca35a70cb_0_http___156_236_71_204_8088_Linux2_6,03/07/19,35058 (34.24KB),f5b062d79f24a4b36604fee51f7b28ce,42db229e392321ed9e528c6d2bfec8df45e33d00,7a9e7a772eab8314fdb84a2cdf3d326a1a9f2a3a221d34fd416e0075713a854b,,,,,,virus_sign
70,d0eb256077066880b4fd826b8abe38c5644bd8ad6859a0739edf7283cb3430a0,03/07/19,6074 (5.93KB),4c65d2b1f2550e5ac67c7364c1053ee2,35cd010ba65c9591df1c1282f91b8fa169b73673,d0eb256077066880b4fd826b8abe38c5644bd8ad6859a0739edf7283cb3430a0,,,,,,virus_sign
71,index.1.html,03/07/19,80839 (78.94KB),f0554e8a8e4877a8b85d25cd04c5d75b,f56bd21b75b9678bb0466de9efd93b18e6a457a9,f47d96c98b3e655f606a134c6e83e2ca240dde91186f21f7ad21217626d5d532,,,,,,virus_sign
72,2.exe,03/07/19,189440 (185KB),49d845f1bff7930bbae66ff8bb40f7b4,40e3cd326bb24218dd688636d60038d41c1472a0,59ee87637bc2713f6557b78e27e492bc906775790b5aee3f43a3f60bc28be239,,,,,,virus_sign
73,4.exe,03/07/19,186368 (182KB),0b5e9ebc96d8f704fda6bd216602a5fc,b9bd9f7c71ad69223ad68a4fdd4376e5721e2780,27661679aac4eb97b5f6d62f3e6e2ab111cddaf9b5a75dbd764fc886e5a4b674,,,,,,virus_sign
74,n735dcqzu3ko.exe,03/07/19,214528 (209.5KB),22b90d40c2f83dd9c01bfca383fed189,dc5120d857cfb71095e500fa7ea47ef1660de8fb,070c642b66098462b267f61a0f4de7870bcfc6e34af0e02a8ccf0e1a3a56302e,,,,,,virus_sign
75,g67eihnrv.4,03/07/19,176128 (172KB),e949a543a2631aff5c65e28868744942,2ad31d340830dda6fe3f75c0657b9c5f82d78077,cad95183b9ba43097edd507f52ca06e7a673eb801473c5cd0982609c173ddbab,,,,,,virus_sign
76,kmk1sn3,03/07/19,20747 (20.26KB),488ed70fa86d8c4f3bac6329ec7e6fc7,c4b38aaf63eb9c120f74fb7a80032b39c5cc3048,673501c02dd92431ed1c516db01fde70c95d6318d0827c8a426d085b230e2b6c,,,,,,virus_sign
77,index.16.html,03/07/19,1063015 (1.01MB),7038ba6a06ab822c4eb63ab7aadedc5a,375e825166f72cb76fea80cc901204c40234b404,9fcd9ca37ec7ff258143e17d49a343180ee056bee4294f666a24558e25020c82,,,,,,virus_sign
78,1.1,02/07/19,46333 (45.25KB),64ab2d5d89bda80367fb6783d7139ab2,bde7a49e47c66496676439d5f61d5ff577e26f51,06074ae0bfb9724e642f58f032596568fb953c7f7bba60d7fc02269c6db3b9a2,,,,,,virus_sign
79,10293_pdf.jar,02/07/19,254032 (248.08KB),086503b7eb7539f762975e95335eb6c6,7277137535e157cebc74a8e4c84690e86922aa0e,399e69b3cd0ef6a69b8094db00f838d8b48d5644238358ab92c719d235b62980,,,,,,virus_sign
80,1039458_0-20190701_pdf.jar,02/07/19,251194 (245.31KB),26f9de154b5ca74c25d1b502e6269b7a,e49aeb5aa38ed0f7a448b80d0eefbfe62eff6c58,2571d9010ed42fa1a1b254c6c5c24b330dea5cbeacc1455c63583312da72c122,,,,,,virus_sign
81,3.1,02/07/19,211465 (206.51KB),cec5081db34197bebd30b48425844b5b,d8894c2cca6953da6311939c159fa167d85e9290,01d56643c4d2f577cd8eb663be0e49675290637a0e838af064d9a0d71e94d020,,,,,,virus_sign
82,315771589.exe,02/07/19,55212 (53.92KB),e4d2f2d2cb9f3438f279f6cc5f209ed1,b3837129bf19be0035677b1384480fd209dfe9e9,954731db6d9d43fbe07a2ec7c70acd9f32b6d600b52c75fc07ef5614873bd513,,,,,,virus_sign
83,a.exe,02/07/19,651264 (636KB),e52ef57862dd1dd98fb035b700ab754a,b83198a391bf2a64cf52a8b102d881021fac394f,87c1a202e8d2cd98726760ed20a92c1d89b57574cf8e75d0e9a455521abdca14,,,,,,virus_sign
84,AP_Remittance_Advice_pdf.1.jar,02/07/19,266845 (260.59KB),108f1daf77eb8ccf3c544a344e561cdb,b62db08ac41f864dacb22f4e21b96088ae79e7d1,22c3cc4476ba5e2efa685f8870a6701744d00e939019380a6e52e73528fd0561,,,,,,virus_sign
85,AP_Remittance_Advice_pdf.jar,02/07/19,252949 (247.02KB),c038b5662604a60b7d3418ed16c36a57,63ae322a8199c1348b562d26b8d405c9a0823a89,2691ca70cc53f35a905bccf0a681edb565cec0ba1220347a9bd5f2918979c4f5,,,,,,virus_sign
86,arm,02/07/19,23324 (22.78KB),a63ef86961586ea216eafee75480a564,a6f6b2f5335ab1bc8a9019122dd7d14b085bec95,d4c270cdb14bd762fafbcd093332f932a6d980e21b44f90c47cb1ba60a8925bf,,,,,,virus_sign
87,arm5,02/07/19,23324 (22.78KB),99187f7b900398980f0a715eff6b688b,ca461f6b14a839423b02a1781b09aa78cb0574a4,1a1ed61cec6e2a33089de1580bb713685c4bf9dcec0b6897e80885cd611f83c2,,,,,,virus_sign
88,arm6,02/07/19,36084 (35.24KB),44c1485327e04986ac9bcdfea62a7b92,c5f60ce1d7feb75df043b0d2ed147ac43e2b0d92,83cd0f3de5f8a4a35fae3fd260406f97c72ce19af55bb3ae6997c932d8713ebc,,,,,,virus_sign
89,arm7,02/07/19,96035 (93.78KB),288acf21aeab41aa765bde0e73eda1d5,b6dc2b53106be54dc15d5821687521eda3d50a73,e0b6576e00fd0cfac9c6b5283531aad5dd33c0619836c1c960787f133af72ab2,,,,,,virus_sign
90,AV.sh,02/07/19,635 (635B),904f09f8fb2bf929b75670fcdc4649f9,57e01ae119dd4e1f7ee708e69b8723736fa9f0fe,1489e238cbfdc19fe67f13d420125b4dc5de3e384420eee477504e8db5f568e2,,,,,,virus_sign
91,calc.exe,02/07/19,106496 (104KB),6d6bf55b7b6e4faaf9b34ad98b249723,9c35356b92139a9d0618af82ccb3b86e47868582,cc1898d7571a2c44a7f2b0b4cb5939d60fd6acce56d9b5722e15222275e0eed8,,,,,,virus_sign
92,Corona.arm5,02/07/19,28856 (28.18KB),559c2a9c4fd7fccaa527ffc8fbf9e624,f008641d08dfcd39a1acaad11d7d8896d6df7e25,2a43cd78958eb811a3f96ad15a20118fba71f105c7691ab5a91d6a315b1ffa39,,,,,,virus_sign
93,Corona.arm4,02/07/19,73916 (72.18KB),8c20ef55bbc39f43bf5d023714cb7cf7,fd74290a81cb86dffc36e624f3e59fa1433f34f2,29cf35f6f589913fc5b455478cea7700f9bee290012df60820477d09a617289a,,,,,,virus_sign
94,Corona.arm6,02/07/19,40212 (39.27KB),0b08654b72fc1f1d23eee0dc4817ae12,562f24e4eb812ef04f5ad8a47ac73682d1a65c14,c41ee2219f79ac6612d67adf11130dafc3b7d5119d98ca5e87c45644f5606c2d,,,,,,virus_sign
95,Corona.mips,02/07/19,30516 (29.8KB),4e73dc242aa919df0939714d58f8e2b7,d413caf618895fffc9bcb2bcc04a94669c52e11e,08897218aae1795861cae7c4d1c0d8f87b1c64006babc236a63ea34530f4fd66,,,,,,virus_sign
96,Corona.mipsel,02/07/19,30568 (29.85KB),6f3afbff171f4c2b10cbdd8c5f02a556,1be7d8bfc27e9380069e10931aea56100c066a59,69c47bccc9ae57e4ea3e2eadb7c8266386b2fe851d7327f6da9670af4139e32f,,,,,,virus_sign
97,Corona.ppc,02/07/19,27908 (27.25KB),86554774fe1d9f0ac0403e1110476011,27f47e6227628f0a1629f33595f2a64f907000b0,250f62d6d90c75172292605a47c6d1fb8aad64e92c613e223836f27e699b5c46,,,,,,virus_sign
98,Corona.sh4,02/07/19,55450 (54.15KB),9742862e3251d97743b176e1a4c6eb05,72e48735c588b474a7103621f6113abe5f6399ba,7bedf2707ecd0a12686198603b09659f471591cf440f067c5e80cfd57299fbc1,,,,,,virus_sign
99,Corona.sparc,02/07/19,69833 (68.2KB),8972de0a7d6810606fd354afd99f4ae1,ae6ee9cb68eaf0a48c0663b34144d208fd6663a2,362b1a45eb976b7c821611f0e91b6891b9fe0665f43afa348ea09bc274f3a358,,,,,,virus_sign